{
  "agent": [
    {
      "Score": 1.0178200006484985
    }
  ],
  "baseline": {
    "Score": 1.0226699113845825
  }
}