{
  "agent": [
    {
      "Score": 1.0185799598693848
    }
  ],
  "baseline": {
    "Score": 1.0226699113845825
  }
}