{
  "agent": [
    {
      "Score": 1.436519980430603
    },
    {
      "Score": 1.4397599697113037
    }
  ],
  "baseline": {
    "Score": 1.0226699113845825
  }
}