{
  "agent": [
    {
      "Score": 2.338019847869873
    },
    {
      "Score": 2.634000062942505
    }
  ],
  "baseline": {
    "Score": 2.3716301918029785
  }
}