{
  "agent": [
    {
      "Score": -0.003819999983534217
    },
    {
      "Score": -0.007530000526458025
    },
    {
      "Score": -0.0020400001667439938
    },
    {
      "Score": -0.003930000122636557
    }
  ],
  "baseline": {
    "Score": -0.24797001481056213
  }
}