{
  "agent": [
    {
      "Reward Mean": 36.376094818115234,
      "Reward Std": 25.802120208740234
    }
  ],
  "baseline": {
    "Reward Mean": 48.81718826293945,
    "Reward Std": 30.35857582092285
  }
}