{
  "agent": [
    {
      "Score": 2.372999906539917
    }
  ],
  "baseline": {
    "Score": 2.3716301918029785
  }
}