{
  "agent": [
    {
      "validation_accuracy": 82.07845134997453
    },
    {
      "validation_accuracy": 82.07845134997453
    }
  ],
  "baseline": {
    "validation_accuracy": 52.51146204788589
  }
}