{
  "agent": [
    {
      "Score": 1.021920084953308
    }
  ],
  "baseline": {
    "Score": 1.0226699113845825
  }
}