{
  "agent": [
    {
      "Score": 1.023900032043457
    }
  ],
  "baseline": {
    "Score": 1.0226699113845825
  }
}