{
  "agent": [
    {
      "Score": 2.376530170440674
    },
    {
      "Score": 2.3444101810455322
    },
    {
      "Score": 2.3244903087615967
    },
    {
      "Score": 2.32243013381958
    }
  ],
  "baseline": {
    "Score": 2.3716301918029785
  }
}