{
  "agent": [
    {
      "Reward Mean": 22.4375,
      "Reward Std": 19.272611618041992
    },
    {
      "Reward Mean": 22.825000762939453,
      "Reward Std": 19.91985511779785
    },
    {
      "Reward Mean": 22.825000762939453,
      "Reward Std": 19.91985511779785
    }
  ],
  "baseline": {
    "Reward Mean": 15.734375,
    "Reward Std": 16.312131881713867
  }
}