{
  "agent": [
    {
      "Reward Mean": 47.40312576293945,
      "Reward Std": 55.252037048339844
    },
    {
      "Reward Mean": 47.40312576293945,
      "Reward Std": 55.252037048339844
    }
  ],
  "baseline": {
    "Reward Mean": 15.734375,
    "Reward Std": 16.312131881713867
  }
}