{
  "agent": [
    {
      "Score": 1.0248900651931763
    }
  ],
  "baseline": {
    "Score": 1.0226699113845825
  }
}