{
  "agent": [
    {
      "Score": 2.385859727859497
    }
  ],
  "baseline": {
    "Score": 2.3716301918029785
  }
}