{
  "agent": [
    {
      "Reward Mean": 44.419219970703125,
      "Reward Std": 25.932804107666016
    },
    {
      "Reward Mean": 40.997188568115234,
      "Reward Std": 23.554670333862305
    },
    {
      "Reward Mean": 40.997188568115234,
      "Reward Std": 23.554670333862305
    }
  ],
  "baseline": {
    "Reward Mean": 48.81718826293945,
    "Reward Std": 30.35857582092285
  }
}