{
  "agent": [
    {
      "validation_accuracy": 83.27050433010697
    },
    {
      "validation_accuracy": 83.27050433010697
    }
  ],
  "baseline": {
    "validation_accuracy": 52.51146204788589
  }
}