{
  "agent": [
    {
      "Score": 2.3803999423980713
    }
  ],
  "baseline": {
    "Score": 2.3716301918029785
  }
}