{
  "agent": [
    {
      "rmse": 30340.111853413255,
      "r2": 0.8799891474739243
    },
    {
      "rmse": 30242.753640135434,
      "r2": 0.8807581160132514
    },
    {
      "rmse": 30242.753640135434,
      "r2": 0.8807581160132514
    }
  ],
  "baseline": {
    "rmse": 30340.111853413255,
    "r2": 0.8799891474739243
  }
}