{
  "agent": [
    {
      "Score": -0.24698001146316528
    }
  ],
  "baseline": {
    "Score": -0.24797001481056213
  }
}