{
  "agent": [
    {
      "Score": 1.0232099294662476
    }
  ],
  "baseline": {
    "Score": 1.0226699113845825
  }
}