{
  "agent": [
    {
      "Reward Mean": 49.76377487182617,
      "Reward Std": 42.01865768432617
    },
    {
      "Reward Mean": 1.8938915729522705,
      "Reward Std": 91.29031372070312
    },
    {
      "Reward Mean": 53.97738265991211,
      "Reward Std": 44.1458740234375
    }
  ],
  "baseline": {
    "Reward Mean": 33.793758392333984,
    "Reward Std": 41.70726013183594
  }
}