{
  "agent": [
    {
      "Score": 1.0177398920059204
    }
  ],
  "baseline": {
    "Score": 1.0226699113845825
  }
}