{
  "agent": [
    {
      "Reward Mean": 8.905080795288086,
      "Reward Std": 27.11073112487793
    },
    {
      "Reward Mean": 55.95502471923828,
      "Reward Std": 32.71024703979492
    },
    {
      "Reward Mean": 44.6069450378418,
      "Reward Std": 38.3654899597168
    },
    {
      "Reward Mean": 44.6069450378418,
      "Reward Std": 38.3654899597168
    }
  ],
  "baseline": {
    "Reward Mean": 33.793758392333984,
    "Reward Std": 41.70726013183594
  }
}