{
  "agent": [
    {
      "Score": 2.374619960784912
    }
  ],
  "baseline": {
    "Score": 2.3716301918029785
  }
}