{
  "agent": [
    {
      "Reward Mean": -62392851496960.0,
      "Reward Std": 32525189644288.0
    },
    {
      "Reward Mean": -46807035936768.0,
      "Reward Std": 39243841798144.0
    },
    {
      "Reward Mean": -46807035936768.0,
      "Reward Std": 39243841798144.0
    }
  ],
  "baseline": {
    "Reward Mean": 33.793758392333984,
    "Reward Std": 41.70726013183594
  }
}