{
  "agent": [
    {
      "Score": 1.4422800540924072
    },
    {
      "Score": 1.43913996219635
    }
  ],
  "baseline": {
    "Score": 1.0226699113845825
  }
}