{
  "agent": [
    {
      "Reward Mean": 0.39640626311302185,
      "Reward Std": 0.6601748466491699
    },
    {
      "Reward Mean": 0.3462499976158142,
      "Reward Std": 0.6147547960281372
    },
    {
      "Reward Mean": 0.3462499976158142,
      "Reward Std": 0.6147547960281372
    }
  ],
  "baseline": {
    "Reward Mean": 48.81718826293945,
    "Reward Std": 30.35857582092285
  }
}