{
  "agent": [
    {
      "Score": 2.373430013656616
    }
  ],
  "baseline": {
    "Score": 2.3716301918029785
  }
}