{
  "agent": [
    {
      "Score": 1.0223699808120728
    }
  ],
  "baseline": {
    "Score": 1.0226699113845825
  }
}