{
  "agent": [
    {
      "Score": 1.4368799924850464
    },
    {
      "Score": 1.4363600015640259
    }
  ],
  "baseline": {
    "Score": 1.0226699113845825
  }
}