{
  "agent": [
    {
      "Reward Mean": 34.85859298706055,
      "Reward Std": 24.111228942871094
    },
    {
      "Reward Mean": 34.85859298706055,
      "Reward Std": 24.111228942871094
    }
  ],
  "baseline": {
    "Reward Mean": 48.81718826293945,
    "Reward Std": 30.35857582092285
  }
}