{
  "agent": [
    {
      "Score": 2.3823800086975098
    }
  ],
  "baseline": {
    "Score": 2.3716301918029785
  }
}