{
  "agent": [
    {
      "Score": 2.3769102096557617
    }
  ],
  "baseline": {
    "Score": 2.3716301918029785
  }
}