{
  "agent": [
    {
      "Score": 0.9203600883483887
    },
    {
      "Score": 1.1835899353027344
    },
    {
      "Score": 1.1886399984359741
    }
  ],
  "baseline": {
    "Score": 1.0226699113845825
  }
}