{
  "agent": [
    {
      "Reward Mean": 36.79402160644531,
      "Reward Std": 47.22141647338867
    },
    {
      "Reward Mean": 18.638389587402344,
      "Reward Std": 37.314395904541016
    },
    {
      "Reward Mean": -0.05493629351258278,
      "Reward Std": 0.07874075323343277
    },
    {
      "Reward Mean": -0.05493629351258278,
      "Reward Std": 0.07874075323343277
    }
  ],
  "baseline": {
    "Reward Mean": 33.793758392333984,
    "Reward Std": 41.70726013183594
  }
}