{
  "agent": [
    {
      "validation_accuracy": 83.6474783494651
    },
    {
      "validation_accuracy": 93.05145185939888
    }
  ],
  "baseline": {
    "validation_accuracy": 52.51146204788589
  }
}