{
  "agent": [
    {
      "Score": 1.3116700649261475
    },
    {
      "Score": 1.3159101009368896
    }
  ],
  "baseline": {
    "Score": 1.0226699113845825
  }
}