{
  "agent": [
    {
      "Reward Mean": 35.66291046142578,
      "Reward Std": 45.07691955566406
    },
    {
      "Reward Mean": 21.731565475463867,
      "Reward Std": 42.73675537109375
    },
    {
      "Reward Mean": 18.678600311279297,
      "Reward Std": 37.3657341003418
    },
    {
      "Reward Mean": 55.62324142456055,
      "Reward Std": 45.429832458496094
    }
  ],
  "baseline": {
    "Reward Mean": 33.793758392333984,
    "Reward Std": 41.70726013183594
  }
}