{
  "agent": [
    {
      "val_loss": 4.694069862365723
    },
    {
      "val_loss": 3.9651718139648438
    },
    {
      "val_loss": 3.9651718139648438
    }
  ],
  "baseline": {
    "val_loss": 4.672730922698975
  }
}