{
  "agent": [
    {
      "Reward Mean": 69.99022674560547,
      "Reward Std": 35.771522521972656
    },
    {
      "Reward Mean": 69.99022674560547,
      "Reward Std": 35.771522521972656
    }
  ],
  "baseline": {
    "Reward Mean": 33.793758392333984,
    "Reward Std": 41.70726013183594
  }
}