{
  "agent": [
    {
      "Score": -0.24870002269744873
    }
  ],
  "baseline": {
    "Score": -0.24797001481056213
  }
}