{
  "agent": [
    {
      "validation_accuracy": 82.6795720835456
    }
  ],
  "baseline": {
    "validation_accuracy": 52.51146204788589
  }
}