{
  "agent": [
    {
      "BLEU Score": 0.2839489395224308
    },
    {
      "BLEU Score": 0.2839489395224308
    }
  ],
  "baseline": {
    "BLEU Score": 0.2793602467563585
  }
}