{
  "agent": [
    {
      "Score": -0.24771998822689056
    }
  ],
  "baseline": {
    "Score": -0.24797001481056213
  }
}