{
  "agent": [
    {
      "Reward Mean": 13.8501558303833,
      "Reward Std": 4.984746932983398
    },
    {
      "Reward Mean": 28.034530639648438,
      "Reward Std": 14.490154266357422
    },
    {
      "Reward Mean": 52.42234420776367,
      "Reward Std": 22.481204986572266
    },
    {
      "Reward Mean": 52.42234420776367,
      "Reward Std": 22.481204986572266
    }
  ],
  "baseline": {
    "Reward Mean": 48.81718826293945,
    "Reward Std": 30.35857582092285
  }
}