{
  "agent": [
    {
      "Score": 2.3776800632476807
    }
  ],
  "baseline": {
    "Score": 2.3716301918029785
  }
}