{
  "agent": [
    {
      "Reward Mean": 7.932812690734863,
      "Reward Std": 12.782747268676758
    },
    {
      "Reward Mean": 29.485937118530273,
      "Reward Std": 44.89677429199219
    },
    {
      "Reward Mean": 29.485937118530273,
      "Reward Std": 44.89677429199219
    }
  ],
  "baseline": {
    "Reward Mean": 15.734375,
    "Reward Std": 16.312131881713867
  }
}