{
  "agent": [
    {
      "BLEU Score": 0.3172432037104585
    },
    {
      "BLEU Score": 0.3172432037104585
    }
  ],
  "baseline": {
    "BLEU Score": 0.2793602467563585
  }
}