{
  "agent": [
    {
      "Score": 2.344750165939331
    },
    {
      "Score": 2.630079984664917
    },
    {
      "Score": 2.339430093765259
    },
    {
      "Score": 2.3495101928710938
    }
  ],
  "baseline": {
    "Score": 2.3716301918029785
  }
}