{
  "agent": [
    {
      "validation_accuracy": 82.65919510952624
    }
  ],
  "baseline": {
    "validation_accuracy": 52.51146204788589
  }
}