{
  "agent": [
    {
      "Score": 1.0242599248886108
    }
  ],
  "baseline": {
    "Score": 1.0226699113845825
  }
}