{
  "agent": [
    {
      "Score": 2.3778998851776123
    }
  ],
  "baseline": {
    "Score": 2.3716301918029785
  }
}