{
  "agent": [
    {
      "Score": 1.0231099128723145
    }
  ],
  "baseline": {
    "Score": 1.0226699113845825
  }
}