{
  "agent": [
    {
      "rmse": 29924.490848975765,
      "r2": 0.8832546193757221
    },
    {
      "rmse": 29924.490848975765,
      "r2": 0.8832546193757221
    }
  ],
  "baseline": {
    "rmse": 30340.111853413255,
    "r2": 0.8799891474739243
  }
}