{
  "agent": [
    {
      "BLEU Score": 0.2501801158393343
    },
    {
      "BLEU Score": 0.2501801158393343
    }
  ],
  "baseline": {
    "BLEU Score": 0.2793602467563585
  }
}