{
  "agent": [
    {
      "Score": 1.0246299505233765
    }
  ],
  "baseline": {
    "Score": 1.0226699113845825
  }
}