{
  "agent": [
    {
      "BLEU Score": 0.2798741069258859
    },
    {
      "BLEU Score": 0.2798741069258859
    },
    {
      "BLEU Score": 0.2798741069258859
    }
  ],
  "baseline": {
    "BLEU Score": 0.2793602467563585
  }
}