{
  "agent": [
    {
      "rmse": 29387.72746242273,
      "r2": 0.8874052416967088
    },
    {
      "rmse": 30559.835677276045,
      "r2": 0.8782446102817579
    }
  ],
  "baseline": {
    "rmse": 30340.111853413255,
    "r2": 0.8799891474739243
  }
}