{
  "agent": [
    {
      "Reward Mean": 13.270312309265137,
      "Reward Std": 14.01256275177002
    },
    {
      "Reward Mean": 13.270312309265137,
      "Reward Std": 14.01256275177002
    }
  ],
  "baseline": {
    "Reward Mean": 15.734375,
    "Reward Std": 16.312131881713867
  }
}