{
  "agent": [
    {
      "Score": 0.03434000164270401
    },
    {
      "Score": 0.037300001829862595
    }
  ],
  "baseline": {
    "Score": -0.24797001481056213
  }
}