{
  "agent": [
    {
      "Score": 2.3722500801086426
    }
  ],
  "baseline": {
    "Score": 2.3716301918029785
  }
}