{
  "agent": [
    {
      "Score": 2.3698599338531494
    }
  ],
  "baseline": {
    "Score": 2.3716301918029785
  }
}