{
  "agent": [
    {
      "BLEU Score": 0.018670560659247482
    }
  ],
  "baseline": {
    "BLEU Score": 0.2793602467563585
  }
}