{
  "agent": [
    {
      "Reward Mean": 7.876562595367432,
      "Reward Std": 9.473998069763184
    },
    {
      "Reward Mean": 7.512499809265137,
      "Reward Std": 9.285396575927734
    },
    {
      "Reward Mean": 7.543749809265137,
      "Reward Std": 9.254962921142578
    },
    {
      "Reward Mean": 7.543749809265137,
      "Reward Std": 9.254962921142578
    }
  ],
  "baseline": {
    "Reward Mean": 15.734375,
    "Reward Std": 16.312131881713867
  }
}