{
  "agent": [
    {
      "Score": -0.24478000402450562
    }
  ],
  "baseline": {
    "Score": -0.24797001481056213
  }
}