{
  "agent": [
    {
      "validation_accuracy": 82.88334182373917
    },
    {
      "validation_accuracy": 82.88334182373917
    }
  ],
  "baseline": {
    "validation_accuracy": 52.51146204788589
  }
}