{
  "agent": [
    {
      "Reward Mean": 58.70281219482422,
      "Reward Std": 26.175504684448242
    },
    {
      "Reward Mean": 58.70281219482422,
      "Reward Std": 26.175504684448242
    }
  ],
  "baseline": {
    "Reward Mean": 48.81718826293945,
    "Reward Std": 30.35857582092285
  }
}