{
  "agent": [
    {
      "Score": -0.00037999972118996084
    }
  ],
  "baseline": {
    "Score": -0.24797001481056213
  }
}