{
  "agent": [
    {
      "Score": 1.1484700441360474
    },
    {
      "Score": 1.1501801013946533
    }
  ],
  "baseline": {
    "Score": 1.0226699113845825
  }
}