{
  "agent": [
    {
      "Score": 1.0236400365829468
    }
  ],
  "baseline": {
    "Score": 1.0226699113845825
  }
}