{
  "agent": [
    {
      "Score": -0.24521000683307648
    }
  ],
  "baseline": {
    "Score": -0.24797001481056213
  }
}