{
  "agent": [
    {
      "Score": 1.4412399530410767
    },
    {
      "Score": 1.4372400045394897
    }
  ],
  "baseline": {
    "Score": 1.0226699113845825
  }
}