{
  "agent": [
    {
      "Score": -0.015080000273883343
    },
    {
      "Score": -0.019009999930858612
    }
  ],
  "baseline": {
    "Score": -0.24797001481056213
  }
}