{
  "agent": [
    {
      "Reward Mean": 0.3956249952316284,
      "Reward Std": 0.6605250239372253
    },
    {
      "Reward Mean": 0.3449999988079071,
      "Reward Std": 0.6124030947685242
    },
    {
      "Reward Mean": 0.36937499046325684,
      "Reward Std": 0.6357570886611938
    },
    {
      "Reward Mean": 0.36937499046325684,
      "Reward Std": 0.6357570886611938
    }
  ],
  "baseline": {
    "Reward Mean": 48.81718826293945,
    "Reward Std": 30.35857582092285
  }
}