{
  "agent": [
    {
      "Score": -0.24598999321460724
    },
    {
      "Score": -0.25089001655578613
    },
    {
      "Score": -0.2453400194644928
    }
  ],
  "baseline": {
    "Score": -0.24797001481056213
  }
}