{
  "agent": [
    {
      "Reward Mean": 23.456249237060547,
      "Reward Std": 43.043121337890625
    },
    {
      "Reward Mean": 21.178125381469727,
      "Reward Std": 32.6389274597168
    },
    {
      "Reward Mean": 31.823436737060547,
      "Reward Std": 41.43032455444336
    },
    {
      "Reward Mean": 31.823436737060547,
      "Reward Std": 41.43032455444336
    }
  ],
  "baseline": {
    "Reward Mean": 15.734375,
    "Reward Std": 16.312131881713867
  }
}