{
  "agent": [
    {
      "rmse": 31137.964816153093,
      "r2": 0.8735943131097221
    }
  ],
  "baseline": {
    "rmse": 30340.111853413255,
    "r2": 0.8799891474739243
  }
}