{
  "agent": [
    {
      "validation_accuracy": 83.25012735608762
    },
    {
      "validation_accuracy": 83.25012735608762
    }
  ],
  "baseline": {
    "validation_accuracy": 52.51146204788589
  }
}