{
  "agent": [
    {
      "Score": -0.24728000164031982
    }
  ],
  "baseline": {
    "Score": -0.24797001481056213
  }
}