{
  "agent": [
    {
      "Score": 1.0250298976898193
    }
  ],
  "baseline": {
    "Score": 1.0226699113845825
  }
}