{
  "agent": [
    {
      "Score": 2.3784701824188232
    }
  ],
  "baseline": {
    "Score": 2.3716301918029785
  }
}