{
  "agent": [
    {
      "Score": -0.2443300038576126
    }
  ],
  "baseline": {
    "Score": -0.24797001481056213
  }
}