{
  "agent": [
    {
      "validation_accuracy": 63.05654610290372
    },
    {
      "validation_accuracy": 63.05654610290372
    }
  ],
  "baseline": {
    "validation_accuracy": 52.51146204788589
  }
}