{
  "agent": [
    {
      "val_loss": 4.686882972717285
    },
    {
      "val_loss": 4.686882972717285
    }
  ],
  "baseline": {
    "val_loss": 4.672730922698975
  }
}