{
  "agent": [
    {
      "Reward Mean": -0.021558580920100212,
      "Reward Std": 0.007927563041448593
    },
    {
      "Reward Mean": 42.458168029785156,
      "Reward Std": 39.571533203125
    },
    {
      "Reward Mean": 47.87461853027344,
      "Reward Std": 40.36556625366211
    },
    {
      "Reward Mean": 47.87461853027344,
      "Reward Std": 40.36556625366211
    }
  ],
  "baseline": {
    "Reward Mean": 33.793758392333984,
    "Reward Std": 41.70726013183594
  }
}