{
  "agent": [
    {
      "BLEU Score": 1.470980072924553e-156
    },
    {
      "BLEU Score": 8.538704389614003e-157
    },
    {
      "BLEU Score": 1.470980072924553e-156
    }
  ],
  "baseline": {
    "BLEU Score": 0.2793602467563585
  }
}