{
  "agent": [
    {
      "Reward Mean": 42.33781433105469,
      "Reward Std": 20.838613510131836
    },
    {
      "Reward Mean": 42.33781433105469,
      "Reward Std": 20.838613510131836
    }
  ],
  "baseline": {
    "Reward Mean": 48.81718826293945,
    "Reward Std": 30.35857582092285
  }
}