{
  "agent": [
    {
      "Score": 1.1496700048446655
    },
    {
      "Score": 1.1307899951934814
    }
  ],
  "baseline": {
    "Score": 1.0226699113845825
  }
}