{
  "agent": [
    {
      "BLEU Score": 0.006273476678834206
    },
    {
      "BLEU Score": 0.05001805640854937
    },
    {
      "BLEU Score": 0.07135179644258936
    },
    {
      "BLEU Score": 0.07135179644258936
    }
  ],
  "baseline": {
    "BLEU Score": 0.2793602467563585
  }
}