{
  "agent": [
    {
      "Score": 2.3683199882507324
    }
  ],
  "baseline": {
    "Score": 2.3716301918029785
  }
}