{
  "agent": [
    {
      "rmse": 25348.476433562064,
      "r2": 0.916229735196818
    },
    {
      "rmse": 25348.476433562064,
      "r2": 0.916229735196818
    }
  ],
  "baseline": {
    "rmse": 30340.111853413255,
    "r2": 0.8799891474739243
  }
}