{
  "agent": [
    {
      "Score": 2.377960205078125
    }
  ],
  "baseline": {
    "Score": 2.3716301918029785
  }
}