{
  "agent": [
    {
      "Score": 2.384610176086426
    }
  ],
  "baseline": {
    "Score": 2.3716301918029785
  }
}