{
  "agent": [
    {
      "Score": 1.020169973373413
    }
  ],
  "baseline": {
    "Score": 1.0226699113845825
  }
}