{
  "agent": [
    {
      "Score": 1.0183699131011963
    }
  ],
  "baseline": {
    "Score": 1.0226699113845825
  }
}