{
  "agent": [
    {
      "Score": -0.24696001410484314
    }
  ],
  "baseline": {
    "Score": -0.24797001481056213
  }
}