{
  "agent": [
    {
      "Score": -0.2501299977302551
    },
    {
      "Score": 0.04739000275731087
    }
  ],
  "baseline": {
    "Score": -0.24797001481056213
  }
}