{
  "agent": [
    {
      "Reward Mean": 19.473438262939453,
      "Reward Std": 11.770098686218262
    },
    {
      "Reward Mean": 39.377498626708984,
      "Reward Std": 20.521970748901367
    },
    {
      "Reward Mean": 53.84375,
      "Reward Std": 26.20374298095703
    },
    {
      "Reward Mean": 53.84375,
      "Reward Std": 26.20374298095703
    }
  ],
  "baseline": {
    "Reward Mean": 48.81718826293945,
    "Reward Std": 30.35857582092285
  }
}