{
  "agent": [
    {
      "BLEU Score": 0.05242554510736143
    },
    {
      "BLEU Score": 0.05242554510736143
    }
  ],
  "baseline": {
    "BLEU Score": 0.2793602467563585
  }
}