{
  "agent": [
    {
      "rmse": 28789.737285346102,
      "r2": 0.8919408444216346
    },
    {
      "rmse": 30559.835677276045,
      "r2": 0.8782446102817579
    }
  ],
  "baseline": {
    "rmse": 30340.111853413255,
    "r2": 0.8799891474739243
  }
}