{
  "agent": [
    {
      "rmse": 29762.2157636344,
      "r2": 0.8845173642900429
    },
    {
      "rmse": 29865.793952186705,
      "r2": 0.8837121623903431
    },
    {
      "rmse": 29762.2157636344,
      "r2": 0.8845173642900429
    },
    {
      "rmse": 29762.2157636344,
      "r2": 0.8845173642900429
    }
  ],
  "baseline": {
    "rmse": 30340.111853413255,
    "r2": 0.8799891474739243
  }
}