{
  "agent": [
    {
      "Score": 2.3786098957061768
    },
    {
      "Score": 2.349910259246826
    },
    {
      "Score": 2.305690050125122
    },
    {
      "Score": 2.3023500442504883
    }
  ],
  "baseline": {
    "Score": 2.3716301918029785
  }
}