{
  "agent": [
    {
      "Score": 1.4334399700164795
    },
    {
      "Score": 1.4393799304962158
    }
  ],
  "baseline": {
    "Score": 1.0226699113845825
  }
}