{
  "agent": [
    {
      "Score": 2.3452000617980957
    },
    {
      "Score": 2.3207898139953613
    },
    {
      "Score": 2.2583398818969727
    }
  ],
  "baseline": {
    "Score": 2.3716301918029785
  }
}