{
  "agent": [
    {
      "Score": -0.046379998326301575
    },
    {
      "Score": -0.22839000821113586
    },
    {
      "Score": -0.054360002279281616
    }
  ],
  "baseline": {
    "Score": -0.24797001481056213
  }
}