{
  "agent": [
    {
      "Score": 1.0197200775146484
    }
  ],
  "baseline": {
    "Score": 1.0226699113845825
  }
}