{
  "agent": [
    {
      "rmse": 29307.4995844719,
      "r2": 0.8880191651967813
    },
    {
      "rmse": 29307.4995844719,
      "r2": 0.8880191651967813
    }
  ],
  "baseline": {
    "rmse": 30340.111853413255,
    "r2": 0.8799891474739243
  }
}