{
  "agent": [
    {
      "Reward Mean": 14.911874771118164,
      "Reward Std": 4.416557788848877
    },
    {
      "Reward Mean": 14.911874771118164,
      "Reward Std": 4.416557788848877
    }
  ],
  "baseline": {
    "Reward Mean": 48.81718826293945,
    "Reward Std": 30.35857582092285
  }
}