{
  "agent": [
    {
      "Score": 1.4397999048233032
    },
    {
      "Score": 1.4419400691986084
    }
  ],
  "baseline": {
    "Score": 1.0226699113845825
  }
}