{
  "agent": [
    {
      "Reward Mean": 33.10874938964844,
      "Reward Std": 27.132137298583984
    },
    {
      "Reward Mean": 33.10874938964844,
      "Reward Std": 27.132137298583984
    }
  ],
  "baseline": {
    "Reward Mean": 48.81718826293945,
    "Reward Std": 30.35857582092285
  }
}