{
  "agent": [
    {
      "Reward Mean": 34.91031265258789,
      "Reward Std": 17.908222198486328
    }
  ],
  "baseline": {
    "Reward Mean": 48.81718826293945,
    "Reward Std": 30.35857582092285
  }
}