{
  "agent": [
    {
      "validation_accuracy": 83.1176770249618
    }
  ],
  "baseline": {
    "validation_accuracy": 52.51146204788589
  }
}