{
  "agent": [
    {
      "Score": 2.356489896774292
    },
    {
      "Score": 2.347259998321533
    }
  ],
  "baseline": {
    "Score": 2.3716301918029785
  }
}