{
  "agent": [
    {
      "rmse": 27264.119306696106,
      "r2": 0.9030898841208013
    },
    {
      "rmse": 27264.119306696106,
      "r2": 0.9030898841208013
    }
  ],
  "baseline": {
    "rmse": 30340.111853413255,
    "r2": 0.8799891474739243
  }
}