{
  "agent": [
    {
      "Reward Mean": 37.692970275878906,
      "Reward Std": 18.395980834960938
    }
  ],
  "baseline": {
    "Reward Mean": 48.81718826293945,
    "Reward Std": 30.35857582092285
  }
}