{
  "agent": [
    {
      "Reward Mean": 59.19859313964844,
      "Reward Std": 27.645587921142578
    },
    {
      "Reward Mean": 59.19859313964844,
      "Reward Std": 27.645587921142578
    }
  ],
  "baseline": {
    "Reward Mean": 48.81718826293945,
    "Reward Std": 30.35857582092285
  }
}