{
  "agent": [
    {
      "Score": -0.24897001683712006
    },
    {
      "Score": -0.24773000180721283
    }
  ],
  "baseline": {
    "Score": -0.24797001481056213
  }
}