{
  "agent": [
    {
      "Reward Mean": -0.018857497721910477,
      "Reward Std": 0.011697416193783283
    },
    {
      "Reward Mean": -226.8332061767578,
      "Reward Std": 32.31322479248047
    },
    {
      "Reward Mean": 56.11469650268555,
      "Reward Std": 45.81995391845703
    },
    {
      "Reward Mean": 56.11469650268555,
      "Reward Std": 45.81995391845703
    }
  ],
  "baseline": {
    "Reward Mean": 33.793758392333984,
    "Reward Std": 41.70726013183594
  }
}