{
  "agent": [
    {
      "Reward Mean": 19.85921859741211,
      "Reward Std": 8.46367359161377
    },
    {
      "Reward Mean": 46.688907623291016,
      "Reward Std": 23.641355514526367
    },
    {
      "Reward Mean": 46.688907623291016,
      "Reward Std": 23.641355514526367
    }
  ],
  "baseline": {
    "Reward Mean": 48.81718826293945,
    "Reward Std": 30.35857582092285
  }
}