{
  "agent": [
    {
      "Score": 2.343860149383545
    },
    {
      "Score": 2.2574498653411865
    },
    {
      "Score": 2.260889768600464
    },
    {
      "Score": 2.258190155029297
    }
  ],
  "baseline": {
    "Score": 2.3716301918029785
  }
}