{
  "agent": [
    {
      "Score": 2.378620147705078
    }
  ],
  "baseline": {
    "Score": 2.3716301918029785
  }
}