{
  "agent": [
    {
      "Score": -0.004999999422580004
    },
    {
      "Score": -0.09884000569581985
    },
    {
      "Score": -0.002989999484270811
    }
  ],
  "baseline": {
    "Score": -0.24797001481056213
  }
}