{
  "agent": [
    {
      "BLEU Score": 0.4727938395125177
    },
    {
      "BLEU Score": 0.4727938395125177
    }
  ],
  "baseline": {
    "BLEU Score": 0.2793602467563585
  }
}