{
  "agent": [
    {
      "Score": -0.2514500021934509
    },
    {
      "Score": 0.009859999641776085
    }
  ],
  "baseline": {
    "Score": -0.24797001481056213
  }
}