{
  "agent": [
    {
      "Score": 1.4391199350357056
    },
    {
      "Score": 1.0812499523162842
    },
    {
      "Score": 0.9359699487686157
    },
    {
      "Score": 0.942609965801239
    }
  ],
  "baseline": {
    "Score": 1.0226699113845825
  }
}