{
  "agent": [
    {
      "Reward Mean": 45.727500915527344,
      "Reward Std": 22.016239166259766
    },
    {
      "Reward Mean": 54.23015594482422,
      "Reward Std": 26.26146125793457
    },
    {
      "Reward Mean": 54.23015594482422,
      "Reward Std": 26.26146125793457
    }
  ],
  "baseline": {
    "Reward Mean": 48.81718826293945,
    "Reward Std": 30.35857582092285
  }
}