{
  "agent": [
    {
      "Reward Mean": 41.893592834472656,
      "Reward Std": 20.228469848632812
    },
    {
      "Reward Mean": 47.64125061035156,
      "Reward Std": 19.717561721801758
    },
    {
      "Reward Mean": 59.77000045776367,
      "Reward Std": 17.05883026123047
    },
    {
      "Reward Mean": 59.77000045776367,
      "Reward Std": 17.05883026123047
    }
  ],
  "baseline": {
    "Reward Mean": 48.81718826293945,
    "Reward Std": 30.35857582092285
  }
}