{
  "agent": [
    {
      "Score": -0.2450300008058548
    }
  ],
  "baseline": {
    "Score": -0.24797001481056213
  }
}