{
  "agent": [
    {
      "Score": 0.042110003530979156
    }
  ],
  "baseline": {
    "Score": -0.24797001481056213
  }
}