{
  "agent": [
    {
      "BLEU Score": 0.12525979799075815
    },
    {
      "BLEU Score": 0.12525979799075815
    }
  ],
  "baseline": {
    "BLEU Score": 0.2793602467563585
  }
}