{
  "agent": [
    {
      "rmse": 28477.963991631757,
      "r2": 0.8942685863413775
    },
    {
      "rmse": 27156.550467574023,
      "r2": 0.9038530809019732
    },
    {
      "rmse": 27156.550467574023,
      "r2": 0.9038530809019732
    },
    {
      "rmse": 27156.550467574023,
      "r2": 0.9038530809019732
    }
  ],
  "baseline": {
    "rmse": 30340.111853413255,
    "r2": 0.8799891474739243
  }
}