{
  "agent": [
    {
      "Score": -0.24940000474452972
    },
    {
      "Score": 0.09537000954151154
    },
    {
      "Score": 0.15313000977039337
    },
    {
      "Score": -0.14008000493049622
    }
  ],
  "baseline": {
    "Score": -0.24797001481056213
  }
}