{
  "agent": [
    {
      "BLEU Score": 0.26529766462530563
    },
    {
      "BLEU Score": 0.26529766462530563
    }
  ],
  "baseline": {
    "BLEU Score": 0.2793602467563585
  }
}