{
  "agent": [
    {
      "Score": -0.0025500000920146704
    },
    {
      "Score": 0.0005399997462518513
    },
    {
      "Score": 0.022749999538064003
    },
    {
      "Score": 0.019369998946785927
    }
  ],
  "baseline": {
    "Score": -0.24797001481056213
  }
}