{
  "agent": [
    {
      "BLEU Score": 0.20892304961582298
    },
    {
      "BLEU Score": 0.20892304961582298
    }
  ],
  "baseline": {
    "BLEU Score": 0.2793602467563585
  }
}