{
  "agent": [
    {
      "Reward Mean": 22.515155792236328,
      "Reward Std": 13.579824447631836
    }
  ],
  "baseline": {
    "Reward Mean": 48.81718826293945,
    "Reward Std": 30.35857582092285
  }
}