{
  "agent": [
    {
      "Reward Mean": -31167493439488.0,
      "Reward Std": 4193062223872.0
    }
  ],
  "baseline": {
    "Reward Mean": 33.793758392333984,
    "Reward Std": 41.70726013183594
  }
}